Tipo Equipo,Marca,Equipo,Codigo SAP,Color,Precio Publico (IVA incluido),PrecioFacturacion distribuidor (con sim e IVA Incluido),Precio subdistribuidor (IVA Incluido),Inicio de Vigencia,Fin de Vigencia,Utilidad DS
HANDSET,SENWA,SENWA 3G S305V20 SWING+,70017600,NEGRO/NARANJA,$399.00,$279.30,$249.00,23/12/2023,13/08/2025,27.70
HANDSET,SENWA,SENWA 3G S305V20 SWING+,70017601,NEGRO/ROJO,$399.00,$279.30,$249.00,23/12/2023,13/08/2025,27.70
HANDSET,I MOBIL,I MOBIL LTE IM421 ,70023390,NEGRO,$499.00,$349.30,$325.00,18/04/2024,INDEFINIDO,33.70
HANDSET,SENWA,SENWA LTE VOLTE ,70022258,BLANCO/VERDE,$499.00,$349.30,$325.00,14/11/2024,13/08/2025,33.70
HANDSET,SENWA,SENWA LTE VOLTE ,70022259,BLANCO/NEGRO,$499.00,$349.30,$325.00,14/11/2024,13/08/2025,33.70
HANDSET,SENWA,SENWA LTE VOLTE PLUS ,70022260,BLANCO,$579.00,$405.30,$389.00,14/11/2024,13/08/2025,41.70
HANDSET,SENWA,SENWA LTE VOLTE PLUS ,70022261,NEGRO,$579.00,$405.30,$389.00,14/11/2024,13/08/2025,41.70
HANDSET,HUAWEI,HUAWEI LTE EVE-LX3 NOVA Y61,70021256,VERDE,$999.00,$749.26,$779.00,06/06/2025,16/07/2025,87.74
HANDSET,HUAWEI,HUAWEI LTE EVE-LX3 NOVA Y61,70021257,AZUL,$999.00,$749.26,$779.00,06/06/2025,16/07/2025,87.74
HANDSET,SENWA,SENWA 3G S50 STAR PLUS S50,71000114,NEGRO,$999.00,$749.26,$779.00,30/04/2024,INDEFINIDO,87.74
HANDSET,TCL,TCL LTE T610E 40 SE,70022402,GRIS GRAFITO,$999.00,$749.26,$779.00,21/11/2024,INDEFINIDO,87.74
HANDSET,TCL,TCL LTE T610E 40 SE,70022403,MORADO,$999.00,$749.26,$779.00,21/11/2024,INDEFINIDO,87.74
HANDSET,SAMSUNG,SAMSUNG LTE SM-A042M GALAXY A04E,70023704,AZUL ESP,"$1,299.00",$974.25,"$1,035.00",16/01/2025,13/08/2025,118.75
HANDSET,SAMSUNG,SAMSUNG LTE SM-A042M GALAXY A04E,70023705,COBRE ESP,"$1,299.00",$974.25,"$1,035.00",16/01/2025,13/08/2025,118.75
HANDSET,SAMSUNG,SAMSUNG LTE SM-A042M GALAXY A04E,70023706,NEGRO ESP,"$1,299.00",$974.25,"$1,035.00",16/01/2025,13/08/2025,118.75
HANDSET,ACER,ACER LTE AX61 ,70023535,NEGRO,"$1,399.00","$1,049.24","$1,119.00",09/05/2025,13/08/2025,127.76
HANDSET,ACER,ACER LTE AX61 ,70023536,BLANCO,"$1,399.00","$1,049.24","$1,119.00",09/05/2025,13/08/2025,127.76
HANDSET,ZTE,ZTE LTE BLADE A33S ,70022437,AZUL,"$1,449.00","$1,086.75","$1,159.00",20/02/2025,06/08/2025,130.25
HANDSET,ACER,ACER 4G AC50,71000120,NEGRO ROJO,"$1,599.00","$1,199.25","$1,285.00",27/06/2025,13/08/2025,143.75
HANDSET,ACER,ACER 4G AC50,71000121,BLANCO/NARANJA,"$1,599.00","$1,199.25","$1,285.00",27/06/2025,13/08/2025,143.75
HANDSET,SAMSUNG,SAMSUNG LTE SM-A047M A04S,70023985,BLANCO ESP,"$1,599.00","$1,199.25","$1,285.00",14/02/2025,13/08/2025,143.75
HANDSET,SAMSUNG,SAMSUNG LTE SM-A047M A04S,70023986,NEGRO ESP,"$1,599.00","$1,199.25","$1,285.00",14/02/2025,13/08/2025,143.75
HANDSET,SAMSUNG,SAMSUNG LTE SM-A047M A04S,70023987,VERDE ESP,"$1,599.00","$1,199.25","$1,285.00",14/02/2025,13/08/2025,143.75
HANDSET,ZTE,ZTE 4G Z2466 BLADE A35E 64GB,71002168,GRIS,"$1,599.00","$1,199.25","$1,285.00",03/07/2025,INDEFINIDO,143.75
HANDSET,ZTE,ZTE 4G Z2466 BLADE A35E 64GB,71002169,VERDE,"$1,599.00","$1,199.25","$1,285.00",03/07/2025,INDEFINIDO,143.75
HANDSET,SAMSUNG,SAMSUNG 4G SM-A065M A06 OTA,71001406,AZUL,"$1,799.00","$1,439.20","$1,559.00",03/07/2025,16/07/2025,177.80
HANDSET,SAMSUNG,SAMSUNG 4G SM-A065M A06 OTA,71001407,NEGRO,"$1,799.00","$1,439.20","$1,559.00",03/07/2025,16/07/2025,177.80
HANDSET,SAMSUNG,SAMSUNG 4G SM-A065M A06 OTA,71001408,VERDE,"$1,799.00","$1,439.20","$1,559.00",03/07/2025,16/07/2025,177.80
HANDSET,SAMSUNG,SAMSUNG LTE SM-A065M GALAXY A06,71000431,AZUL,"$1,799.00","$1,439.20","$1,559.00",03/07/2025,16/07/2025,177.80
HANDSET,SAMSUNG,SAMSUNG LTE SM-A065M GALAXY A06,71000432,NEGRO,"$1,799.00","$1,439.20","$1,559.00",03/07/2025,16/07/2025,177.80
HANDSET,SAMSUNG,SAMSUNG LTE SM-A065M GALAXY A06,71000433,VERDE,"$1,799.00","$1,439.20","$1,559.00",03/07/2025,16/07/2025,177.80
HANDSET,HONOR,HONOR 4G GFY-LX3 X5B 128GB,71001515,NEGRO,"$1,999.00","$1,499.25","$1,625.00",04/07/2025,06/08/2025,183.75
HANDSET,HONOR,HONOR 4G GFY-LX3 X5B 128GB,71001516,AZUL,"$1,999.00","$1,499.25","$1,625.00",04/07/2025,06/08/2025,183.75
HANDSET,MOTOROLA,MOTOROLA 4G XT2523-2 G05 64GB,71001975,MORADO,"$1,999.00","$1,499.25","$1,625.00",19/06/2025,INDEFINIDO,183.75
HANDSET,MOTOROLA,MOTOROLA 4G XT2523-2 G05 64GB,71001976,AZUL,"$1,999.00","$1,499.25","$1,625.00",19/06/2025,INDEFINIDO,183.75
HANDSET,XIAOMI,XIAOMI LTE 25028RN03L REDMI A5,71001946,NEGRO,"$1,999.00","$1,499.25","$1,625.00",20/03/2025,INDEFINIDO,183.75
HANDSET,XIAOMI,XIAOMI LTE 25028RN03L REDMI A5,71001947,AZUL,"$1,999.00","$1,499.25","$1,625.00",20/03/2025,INDEFINIDO,183.75
HANDSET,XIAOMI,XIAOMI LTE 25028RN03L REDMI A5,71001948,TITANIO,"$1,999.00","$1,499.25","$1,625.00",20/03/2025,INDEFINIDO,183.75
HANDSET,HONOR,HONOR LTE WOD-LX3 X5 PLUS 128GB,70023849,CIAN,"$2,199.00","$1,649.25","$1,795.00",03/07/2025,06/08/2025,203.75
HANDSET,HONOR,HONOR LTE WOD-LX3 X5 PLUS 128GB,70023850,NEGRO,"$2,199.00","$1,649.25","$1,795.00",03/07/2025,06/08/2025,203.75
HANDSET,ACER,ACER 4G SOSPIRO A62 ULTRA,71001491,BLANCO/VERDE,"$2,299.00","$1,724.25","$1,879.00",24/06/2025,13/08/2025,212.75
HANDSET,ACER,ACER 4G SOSPIRO A62 ULTRA,71001492,NEGRO/VERDE,"$2,299.00","$1,724.25","$1,879.00",24/06/2025,13/08/2025,212.75
HANDSET,XIAOMI,XIAOMI LTE 25028RN03L REDMI A5 128GB,71002186,NEGRO,"$2,399.00","$1,799.24","$1,965.00",03/07/2025,INDEFINIDO,223.76
HANDSET,XIAOMI,XIAOMI LTE 25028RN03L REDMI A5 128GB,71002187,AZUL,"$2,399.00","$1,799.24","$1,965.00",03/07/2025,INDEFINIDO,223.76
HANDSET,XIAOMI,XIAOMI LTE 25028RN03L REDMI A5 128GB,71002188,DORADO,"$2,399.00","$1,799.24","$1,965.00",03/07/2025,INDEFINIDO,223.76
HANDSET,ACER,ACER LTE AC81 ,70023482,NEGRO,"$2,499.00","$1,874.25","$2,049.00",24/06/2025,13/08/2025,232.75
HANDSET,ACER,ACER LTE AC81 ,70023483,BLANCO,"$2,499.00","$1,874.25","$2,049.00",24/06/2025,13/08/2025,232.75
HANDSET,ACER,ACER LTE AX64 ,70023470,NEGRO,"$2,499.00","$1,874.25","$2,049.00",09/05/2025,13/08/2025,232.75
HANDSET,ACER,ACER LTE AX64 ,70023471,BLANCO,"$2,499.00","$1,874.25","$2,049.00",09/05/2025,13/08/2025,232.75
HANDSET,HUAWEI,HUAWEI LTE EVE-LX3 NOVA Y61 128GB,70022149,AZUL,"$2,499.00","$1,874.25","$2,049.00",10/06/2025,16/07/2025,232.75
HANDSET,HUAWEI,HUAWEI LTE EVE-LX3 NOVA Y61 128GB,70022150,NEGRO,"$2,499.00","$1,874.25","$2,049.00",10/06/2025,16/07/2025,232.75
HANDSET,MOTOROLA,MOTOROLA 4G XT2523-2 G05 128GB,71001680,VERDE,"$2,499.00","$1,874.25","$2,049.00",01/05/2025,16/07/2025,232.75
HANDSET,MOTOROLA,MOTOROLA 4G XT2523-2 G05 128GB,71001681,ROJO,"$2,499.00","$1,874.25","$2,049.00",01/05/2025,16/07/2025,232.75
HANDSET,SAMSUNG,SAMSUNG LTE SM-A155M/N A15,70023660,AZUL,"$2,499.00","$1,874.25","$2,049.00",22/05/2025,16/07/2025,232.75
HANDSET,ZTE,ZTE 4G Z2467 V70 MAX 256GB,71001893,GRIS,"$2,499.00","$1,874.25","$2,049.00",24/06/2025,27/08/2025,232.75
HANDSET,ZTE,ZTE 4G Z2467 V70 MAX 256GB,71001894,VERDE,"$2,499.00","$1,874.25","$2,049.00",24/06/2025,27/08/2025,232.75
HANDSET,ACER,ACER 4G A62LX 256GB,71002108,NEGRO/VERDE,"$2,699.00","$2,159.20","$2,369.00",10/04/2025,INDEFINIDO,267.80
HANDSET,ACER,ACER 4G A62LX 256GB,71002109,BLANCO/VERDE,"$2,699.00","$2,159.20","$2,369.00",10/04/2025,INDEFINIDO,267.80
HANDSET,ACER,ACER 4G A62LX 256GB,71002110,DURAZNO,"$2,699.00","$2,159.20","$2,369.00",10/04/2025,INDEFINIDO,267.80
HANDSET,HONOR,HONOR LTE WDY-LX3 X6A,70023492,PLATA,"$2,699.00","$2,159.20","$2,369.00",03/07/2025,06/08/2025,267.80
HANDSET,HONOR,HONOR LTE WDY-LX3 X6A,70023493,CIAN,"$2,699.00","$2,159.20","$2,369.00",03/07/2025,06/08/2025,267.80
HANDSET,HONOR,HONOR LTE WDY-LX3 X6A,70023494,NEGRO,"$2,699.00","$2,159.20","$2,369.00",03/07/2025,06/08/2025,267.80
HANDSET,HONOR,HONOR LTE WDY-LX3 X6A COMBO MOCHILA,70024158,PLATA COMBO,"$2,699.00","$2,159.20","$2,369.00",03/07/2025,06/08/2025,267.80
HANDSET,HONOR,HONOR LTE WDY-LX3 X6A COMBO MOCHILA,70024159,CIAN COMBO,"$2,699.00","$2,159.20","$2,369.00",03/07/2025,06/08/2025,267.80
HANDSET,ZTE,ZTE LTE Z2356 AXON 60,70024109,DORADO,"$2,699.00","$2,159.20","$2,369.00",24/06/2025,27/08/2025,267.80
HANDSET,HONOR,HONOR 4G GFY-LX3 X5B PLUS 256GB,71001518,MORADO,"$2,799.00","$2,239.19","$2,459.00",20/03/2025,06/08/2025,277.81
HANDSET,HONOR,HONOR 4G GFY-LX3 X5B PLUS 256GB,71001519,AZUL,"$2,799.00","$2,239.19","$2,459.00",20/03/2025,06/08/2025,277.81
HANDSET,NUBIA,NUBIA 4G Z2460 MUSIC 2 128GB,71002155,BLANCO,"$2,799.00","$2,239.19","$2,459.00",15/05/2025,INDEFINIDO,277.81
HANDSET,NUBIA,NUBIA 4G Z2460 MUSIC 2 128GB,71002156,MULTICOLOR,"$2,799.00","$2,239.19","$2,459.00",15/05/2025,INDEFINIDO,277.81
HANDSET,REALME,REALME 4G RMX3933 NOTE 60,71000403,NEGRO,"$2,799.00","$2,239.19","$2,459.00",03/07/2025,30/07/2025,277.81
HANDSET,REALME,REALME 4G RMX3933 NOTE 60,71000404,AZUL,"$2,799.00","$2,239.19","$2,459.00",03/07/2025,30/07/2025,277.81
HANDSET,XIAOMI,XIAOMI LTE 2409BRN2CL REDMI 14C 128GB,71001409,AZUL,"$2,799.00","$2,239.19","$2,459.00",15/05/2025,30/07/2025,277.81
HANDSET,XIAOMI,XIAOMI LTE 2409BRN2CL REDMI 14C 128GB,71001410,NEGRO,"$2,799.00","$2,239.19","$2,459.00",15/05/2025,30/07/2025,277.81
HANDSET,XIAOMI,XIAOMI LTE 2409BRN2CL REDMI 14C 128GB,71001411,VERDE,"$2,799.00","$2,239.19","$2,459.00",15/05/2025,30/07/2025,277.81
HANDSET,HONOR,HONOR LTE WDY-LX3 X6A PLUS 128GB,70023490,MORADO,"$2,999.00","$2,399.19","$2,645.00",27/06/2025,16/07/2025,303.81
HANDSET,HONOR,HONOR LTE WDY-LX3 X6A PLUS 128GB,70023491,PLATA,"$2,999.00","$2,399.19","$2,645.00",27/06/2025,16/07/2025,303.81
HANDSET,HONOR,HONOR LTE WDY-LX3 X6A PLUS 128GB COMBO MOCHILA,70024162,MORADO COMBO3,"$2,999.00","$2,399.19","$2,645.00",27/06/2025,16/07/2025,303.81
HANDSET,HONOR,HONOR LTE WDY-LX3 X6A PLUS 128GB COMBO MOCHILA,70024163,PLATA COMBO3,"$2,999.00","$2,399.19","$2,645.00",27/06/2025,16/07/2025,303.81
HANDSET,SAMSUNG,SAMSUNG 4G SM-A165M A16 128GB,71001809,NEGRO,"$2,999.00","$2,399.19","$2,645.00",19/06/2025,16/07/2025,303.81
HANDSET,SAMSUNG,SAMSUNG 4G SM-A165M A16 128GB,71001810,GRIS,"$2,999.00","$2,399.19","$2,645.00",19/06/2025,16/07/2025,303.81
HANDSET,SAMSUNG,SAMSUNG 4G SM-A165M A16 128GB,71001811,VERDE,"$2,999.00","$2,399.19","$2,645.00",19/06/2025,16/07/2025,303.81
HANDSET,HONOR,HONOR LTE WDY-LX3 X6A PLUS 256GB,70023851,MORADO,"$3,199.00","$2,559.20","$2,825.00",27/06/2025,16/07/2025,323.80
HANDSET,HONOR,HONOR LTE WDY-LX3 X6A PLUS 256GB,70023852,PLATA,"$3,199.00","$2,559.20","$2,825.00",27/06/2025,16/07/2025,323.80
HANDSET,HONOR,HONOR LTE WDY-LX3 X6A PLUS 256GB COMBO MOCHILA,70024166,MORADO COMBO,"$3,199.00","$2,559.20","$2,825.00",27/06/2025,16/07/2025,323.80
HANDSET,HONOR,HONOR LTE WDY-LX3 X6A PLUS 256GB COMBO MOCHILA,70024167,PLATA COMBO,"$3,199.00","$2,559.20","$2,825.00",27/06/2025,16/07/2025,323.80
HANDSET,HONOR,HONOR 4G JDY-LX3 X6B 256GB + HONOR BOCINA BLUETOOTH HB,71001499,CIAN BUNDLE,"$3,299.00","$2,639.21","$2,915.00",05/06/2025,06/08/2025,333.79
HANDSET,HONOR,HONOR 4G JDY-LX3 X6B 256GB + HONOR BOCINA BLUETOOTH HB,71001500,MORADO BUNDLE,"$3,299.00","$2,639.21","$2,915.00",05/06/2025,06/08/2025,333.79
HANDSET,HONOR,HONOR LTE JDY-LX3 X6B 256GB,71000447,CIAN,"$3,299.00","$2,639.21","$2,915.00",05/06/2025,06/08/2025,333.79
HANDSET,HONOR,HONOR LTE JDY-LX3 X6B 256GB,71000448,MORADO,"$3,299.00","$2,639.21","$2,915.00",05/06/2025,06/08/2025,333.79
HANDSET,XIAOMI,XIAOMI 4G 2409BRN2CL REDMI 14C 256GB,71001413,AZUL,"$3,399.00","$2,719.20","$3,005.00",22/05/2025,30/07/2025,343.80
HANDSET,XIAOMI,XIAOMI 4G 2409BRN2CL REDMI 14C 256GB,71001414,NEGRO,"$3,399.00","$2,719.20","$3,005.00",22/05/2025,30/07/2025,343.80
HANDSET,XIAOMI,XIAOMI 4G 2409BRN2CL REDMI 14C 256GB,71001415,VERDE,"$3,399.00","$2,719.20","$3,005.00",22/05/2025,30/07/2025,343.80
HANDSET,MOTOROLA,MOTOROLA 4G XT2521-2 G15 256GB,71001683,GRIS,"$3,499.00","$2,799.20","$3,095.00",01/05/2025,16/07/2025,353.80
HANDSET,MOTOROLA,MOTOROLA 4G XT2521-2 G15 256GB,71001684,VERDE,"$3,499.00","$2,799.20","$3,095.00",01/05/2025,16/07/2025,353.80
HANDSET,NUBIA,NUBIA 4G Z2460 MUSIC 2 256GB,71002158,BLANCO,"$3,499.00","$2,799.20","$3,095.00",15/05/2025,INDEFINIDO,353.80
HANDSET,SAMSUNG,SAMSUNG 5G SM-A166M GALAXY A16 128GB,71001511,NEGRO,"$3,499.00","$2,799.20","$3,095.00",19/06/2025,16/07/2025,353.80
HANDSET,SAMSUNG,SAMSUNG 5G SM-A166M GALAXY A16 128GB,71001512,GRIS,"$3,499.00","$2,799.20","$3,095.00",19/06/2025,16/07/2025,353.80
HANDSET,SAMSUNG,SAMSUNG 5G SM-A166M GALAXY A16 128GB,71001513,VERDE,"$3,499.00","$2,799.20","$3,095.00",19/06/2025,16/07/2025,353.80
HANDSET,OPPO,OPPO LTE CPH2669 A40,71000311,CAFE,"$3,799.00","$3,039.20","$3,365.00",15/05/2025,23/07/2025,383.80
HANDSET,OPPO,OPPO LTE CPH2669 A40,71000312,LILA,"$3,799.00","$3,039.20","$3,365.00",15/05/2025,23/07/2025,383.80
HANDSET,OPPO,OPPO LTE CPH2669 A40,71001895,CAFE 1,"$3,799.00","$3,039.20","$3,365.00",15/05/2025,23/07/2025,383.80
HANDSET,OPPO,OPPO LTE CPH2669 A40,71001896,LILA 1,"$3,799.00","$3,039.20","$3,365.00",15/05/2025,23/07/2025,383.80
HANDSET,ACER,ACER LTE AX85 ,70023476,NEGRO,"$3,999.00","$3,199.20","$3,545.00",30/01/2025,13/08/2025,403.80
HANDSET,ACER,ACER LTE AX85 ,70023477,BLANCO,"$3,999.00","$3,199.20","$3,545.00",30/01/2025,13/08/2025,403.80
HANDSET,ACER,ACER LTE AX85 ,70023478,VERDE,"$3,999.00","$3,199.20","$3,545.00",30/01/2025,13/08/2025,403.80
HANDSET,HONOR,HONOR 4G NIC-LX3 X6C 256GB,71002231,CIAN,"$3,999.00","$3,199.20","$3,545.00",26/06/2025,INDEFINIDO,403.80
HANDSET,HONOR,HONOR 4G NIC-LX3 X6C 256GB,71002232,BLANCO,"$3,999.00","$3,199.20","$3,545.00",26/06/2025,INDEFINIDO,403.80
HANDSET,VIVO,VIVO 4G V2430 Y04 256GB,71002083,NEGRO,"$3,999.00","$3,199.20","$3,545.00",03/04/2025,INDEFINIDO,403.80
HANDSET,VIVO,VIVO 4G V2430 Y04 256GB,71002084,LAVANDA,"$3,999.00","$3,199.20","$3,545.00",03/04/2025,INDEFINIDO,403.80
HANDSET,ZTE,ZTE 4G Z2459 AXON 70 256GB Y WATCH HB,71001886,DORADO,"$3,999.00","$3,199.20","$3,545.00",27/02/2025,INDEFINIDO,403.80
HANDSET,ZTE,ZTE 4G Z2459 AXON 70 256GB Y WATCH HB,71001887,GRIS,"$3,999.00","$3,199.20","$3,545.00",27/02/2025,INDEFINIDO,403.80
HANDSET,ZTE,ZTE 4G Z2459 AXON 70 256GB Y WATCH HB,71001888,VERDE,"$3,999.00","$3,199.20","$3,545.00",27/02/2025,INDEFINIDO,403.80
HANDSET,HONOR,HONOR 5G CLK-NX3 90 SMART,71000184,PLATA,"$4,299.00","$3,439.19","$3,819.00",03/07/2025,06/08/2025,437.81
HANDSET,HONOR,HONOR 5G CLK-NX3 90 SMART,71000185,VERDE,"$4,299.00","$3,439.19","$3,819.00",03/07/2025,06/08/2025,437.81
HANDSET,HONOR,HONOR 5G CLK-NX3 90 SMART + BOCINA BLUETOOTH,71000208,PLATA COMBO3,"$4,299.00","$3,439.19","$3,819.00",03/07/2025,06/08/2025,437.81
HANDSET,HONOR,HONOR 5G CLK-NX3 90 SMART + BOCINA BLUETOOTH,71000209,VERDE COMBO3,"$4,299.00","$3,439.19","$3,819.00",03/07/2025,06/08/2025,437.81
HANDSET,HONOR,HONOR LTE CLK-LX3 X7B,70023624,PLATA,"$4,499.00","$3,599.20","$3,999.00",05/09/2024,INDEFINIDO,457.80
HANDSET,HONOR,HONOR LTE CLK-LX3 X7B,70023625,VERDE,"$4,499.00","$3,599.20","$3,999.00",05/09/2024,INDEFINIDO,457.80
HANDSET,HONOR,HONOR LTE CLK-LX3 X7B + BOCINA BLUETOOTH,70024248,PLATA COMBO4,"$4,499.00","$3,599.20","$3,999.00",05/09/2024,INDEFINIDO,457.80
HANDSET,HONOR,HONOR LTE CLK-LX3 X7B + BOCINA BLUETOOTH,70024249,VERDE COMBO4,"$4,499.00","$3,599.20","$3,999.00",05/09/2024,INDEFINIDO,457.80
HANDSET,OPPO,OPPO LTE CPH2363 RENO7 256GB + BOCINA,70024178,DORADO COMBO,"$4,499.00","$3,599.20","$3,999.00",06/06/2025,30/07/2025,457.80
HANDSET,OPPO,OPPO LTE CPH2363 RENO7 256GB + BOCINA,70024179,NEGRO COMBO,"$4,499.00","$3,599.20","$3,999.00",06/06/2025,30/07/2025,457.80
HANDSET,OPPO,OPPO LTE CPH2727 A5 256GB,71002261,BLANCO,"$4,499.00","$3,599.20","$3,999.00",08/07/2025,INDEFINIDO,457.80
HANDSET,OPPO,OPPO LTE CPH2727 A5 256GB,71002262,VERDE,"$4,499.00","$3,599.20","$3,999.00",08/07/2025,INDEFINIDO,457.80
HANDSET,MOTOROLA,MOTOROLA 4.5G XT2221-2 G52,70019712,AZUL,"$4,599.00","$3,863.16","$4,295.00",30/01/2025,13/08/2025,489.84
HANDSET,HONOR,HONOR 4.5G LLY-LX3 X8B + BOCINA BLUETOOTH,70024250,CIAN COMBO2,"$4,999.00","$4,199.15","$4,675.00",03/07/2025,16/07/2025,533.85
HANDSET,HONOR,HONOR 4.5G LLY-LX3 X8B + BOCINA BLUETOOTH,70024251,PLATA COMBO2,"$4,999.00","$4,199.15","$4,675.00",03/07/2025,16/07/2025,533.85
HANDSET,HONOR,HONOR 4.5G LLY-LX3 X8B HARDBUNDLE MINIONS,70024216,CIAN BUNDLE,"$4,999.00","$4,199.15","$4,675.00",03/07/2025,16/07/2025,533.85
HANDSET,HONOR,HONOR 4.5G LLY-LX3 X8B HARDBUNDLE MINIONS,70024217,PLATA BUNDLE,"$4,999.00","$4,199.15","$4,675.00",03/07/2025,16/07/2025,533.85
HANDSET,HONOR,HONOR LTE LLY-LX3 X8B,70023635,CIAN,"$4,999.00","$4,199.15","$4,675.00",03/07/2025,16/07/2025,533.85
HANDSET,HONOR,HONOR LTE LLY-LX3 X8B,70023636,PLATA,"$4,999.00","$4,199.15","$4,675.00",03/07/2025,16/07/2025,533.85
HANDSET,NUBIA,NUBIA 5G Z2462N FOCUS 2 256GB,71002159,AZUL,"$4,999.00","$4,199.15","$4,675.00",15/05/2025,INDEFINIDO,533.85
HANDSET,NUBIA,NUBIA 5G Z2462N FOCUS 2 256GB,71002160,BLANCO,"$4,999.00","$4,199.15","$4,675.00",15/05/2025,INDEFINIDO,533.85
HANDSET,REALME,REALME LTE RMX5303 C71,71002248,BLANCO,"$4,999.00","$4,199.15","$4,675.00",26/06/2025,INDEFINIDO,533.85
HANDSET,REALME,REALME LTE RMX5303 C71,71002249,VERDE,"$4,999.00","$4,199.15","$4,675.00",26/06/2025,INDEFINIDO,533.85
HANDSET,SAMSUNG,SAMSUNG 5G SM-A266M A26 128GB,71002264,VERDE,"$4,999.00","$4,199.15","$4,675.00",10/07/2025,06/08/2025,533.85
HANDSET,SAMSUNG,SAMSUNG 5G SM-A266M A26 128GB,71002265,BLANCO,"$4,999.00","$4,199.15","$4,675.00",10/07/2025,06/08/2025,533.85
HANDSET,SAMSUNG,SAMSUNG 5G SM-A266M A26 128GB,71002266,NEGRO,"$4,999.00","$4,199.15","$4,675.00",10/07/2025,06/08/2025,533.85
HANDSET,VIVO,VIVO LTE V2419 Y19S,71002074,NEGRO,"$4,999.00","$4,199.15","$4,675.00",27/03/2025,INDEFINIDO,533.85
HANDSET,VIVO,VIVO LTE V2419 Y19S,71002075,PLATA,"$4,999.00","$4,199.15","$4,675.00",27/03/2025,INDEFINIDO,533.85
HANDSET,XIAOMI,XIAOMI 4G 24117RN76L REDMI NOTE 14 256GB,71001754,AZUL,"$4,999.00","$4,199.15","$4,675.00",05/06/2025,30/07/2025,533.85
HANDSET,XIAOMI,XIAOMI 4G 24117RN76L REDMI NOTE 14 256GB,71001755,NEGRO,"$4,999.00","$4,199.15","$4,675.00",05/06/2025,30/07/2025,533.85
HANDSET,XIAOMI,XIAOMI 4G 24117RN76L REDMI NOTE 14 256GB,71001756,VERDE,"$4,999.00","$4,199.15","$4,675.00",05/06/2025,30/07/2025,533.85
HANDSET,NUBIA,NUBIA 5G Z2464N NEO 3 256GB,71002162,AMARILLO,"$5,499.00","$4,619.17","$5,149.00",24/06/2025,INDEFINIDO,587.83
HANDSET,NUBIA,NUBIA 5G Z2464N NEO 3 256GB,71002163,PLATA,"$5,499.00","$4,619.17","$5,149.00",24/06/2025,INDEFINIDO,587.83
HANDSET,HONOR,HONOR 4G ALT-LX3 X7C 256GB,71001521,BLANCO,"$5,999.00","$5,039.16","$5,625.00",15/05/2025,INDEFINIDO,643.84
HANDSET,HONOR,HONOR 4G ALT-LX3 X7C 256GB,71001522,VERDE,"$5,999.00","$5,039.16","$5,625.00",15/05/2025,INDEFINIDO,643.84
HANDSET,MOTOROLA,MOTOROLA 5G XT2529-1 G56,71002131,AZUL,"$5,999.00","$5,039.16","$5,625.00",05/06/2025,INDEFINIDO,643.84
HANDSET,MOTOROLA,MOTOROLA 5G XT2529-1 G56,71002132,GRIS,"$5,999.00","$5,039.16","$5,625.00",05/06/2025,INDEFINIDO,643.84
HANDSET,OPPO,OPPO 4G CPH2711 A5 PRO,71002043,AZUL,"$5,999.00","$5,039.16","$5,625.00",24/04/2025,23/07/2025,643.84
HANDSET,OPPO,OPPO 4G CPH2711 A5 PRO,71002044,VERDE,"$5,999.00","$5,039.16","$5,625.00",24/04/2025,23/07/2025,643.84
HANDSET,REALME,REALME 4.5G RMX3941 C75 256GB SOFT BUNDLE,71001724,NEGRO,"$5,999.00","$5,039.16","$5,625.00",03/07/2025,16/07/2025,643.84
HANDSET,REALME,REALME 4.5G RMX3941 C75 256GB SOFT BUNDLE,71001725,DORADO,"$5,999.00","$5,039.16","$5,625.00",03/07/2025,16/07/2025,643.84
HANDSET,SAMSUNG,SAMSUNG 5G SM-A366E A36 128GB,71001903,VERDE,"$6,199.00","$5,207.16","$5,815.00",10/07/2025,23/07/2025,665.84
HANDSET,SAMSUNG,SAMSUNG 5G SM-A366E A36 128GB,71001904,VIOLETA,"$6,199.00","$5,207.16","$5,815.00",10/07/2025,23/07/2025,665.84
HANDSET,SAMSUNG,SAMSUNG 5G SM-A366E A36 128GB,71001905,GRIS,"$6,199.00","$5,207.16","$5,815.00",10/07/2025,23/07/2025,665.84
HANDSET,SAMSUNG,SAMSUNG 5G SM-A366E A36 128GB,71001906,NEGRO,"$6,199.00","$5,207.16","$5,815.00",10/07/2025,23/07/2025,665.84
HANDSET,SAMSUNG,SAMSUNG 5G SM-A366E A36 128GB OTA,71001957,VERDE,"$6,199.00","$5,207.16","$5,815.00",10/07/2025,23/07/2025,665.84
HANDSET,SAMSUNG,SAMSUNG 5G SM-A366E A36 128GB OTA,71001958,VIOLETA,"$6,199.00","$5,207.16","$5,815.00",10/07/2025,23/07/2025,665.84
HANDSET,SAMSUNG,SAMSUNG 5G SM-A366E A36 128GB OTA,71001959,GRIS,"$6,199.00","$5,207.16","$5,815.00",10/07/2025,23/07/2025,665.84
HANDSET,SAMSUNG,SAMSUNG 5G SM-A366E A36 128GB OTA,71001960,NEGRO,"$6,199.00","$5,207.16","$5,815.00",10/07/2025,23/07/2025,665.84
HANDSET,HONOR,HONOR 5G ALI-NX3 MAGIC6 LITE,70023891,NARANJA,"$6,499.00","$5,459.17","$6,099.00",03/07/2025,16/07/2025,697.83
HANDSET,HONOR,HONOR 5G ALI-NX3 MAGIC6 LITE,70023892,VERDE,"$6,499.00","$5,459.17","$6,099.00",03/07/2025,16/07/2025,697.83
HANDSET,HONOR,HONOR 5G ALI-NX3 MAGIC6 LITE,70023893,PLATA,"$6,499.00","$5,459.17","$6,099.00",03/07/2025,16/07/2025,697.83
HANDSET,HONOR,HONOR 5G ALI-NX3 MAGIC6 LITE + HONOR BAND 9,70024242,NARANJA COMBO2,"$6,499.00","$5,459.17","$6,099.00",08/07/2025,16/07/2025,697.83
HANDSET,HONOR,HONOR 5G ALI-NX3 MAGIC6 LITE + HONOR BAND 9,70024243,VERDE COMBO 2,"$6,499.00","$5,459.17","$6,099.00",08/07/2025,16/07/2025,697.83
HANDSET,HONOR,HONOR 5G ALI-NX3 MAGIC6 LITE + HONOR BAND 9,70024244,PLATA COMBO2,"$6,499.00","$5,459.17","$6,099.00",08/07/2025,16/07/2025,697.83
HANDSET,HONOR,HONOR 4G ABR-LX3 X8C 512GB + EARBUDS X7I HB,71001822,MORADO,"$6,999.00","$5,879.16","$6,575.00",05/06/2025,06/08/2025,753.84
HANDSET,HONOR,HONOR 4G ABR-LX3 X8C 512GB + EARBUDS X7I HB,71001823,VERDE,"$6,999.00","$5,879.16","$6,575.00",05/06/2025,06/08/2025,753.84
HANDSET,REALME,REALME 5G RMX5078 14T 256GB,71002116,MORADO,"$7,499.00","$6,449.15","$7,219.00",03/07/2025,16/07/2025,827.85
HANDSET,REALME,REALME 5G RMX5078 14T 256GB,71002117,NEGRO,"$7,499.00","$6,449.15","$7,219.00",03/07/2025,16/07/2025,827.85
HANDSET,XIAOMI,XIAOMI 4G 24116RACCG REDMI NOTE 14 PRO 256GB,71001758,AZUL,"$7,499.00","$6,449.15","$7,219.00",26/06/2025,30/07/2025,827.85
HANDSET,XIAOMI,XIAOMI 4G 24116RACCG REDMI NOTE 14 PRO 256GB,71001759,MORADO,"$7,499.00","$6,449.15","$7,219.00",26/06/2025,30/07/2025,827.85
HANDSET,XIAOMI,XIAOMI 4G 24116RACCG REDMI NOTE 14 PRO 256GB,71001760,NEGRO,"$7,499.00","$6,449.15","$7,219.00",26/06/2025,30/07/2025,827.85
HANDSET,MOTOROLA,MOTOROLA 5G XT2407-2 EDGE 50,71000377,NARANJA,"$7,999.00","$6,879.14","$7,705.00",12/06/2025,16/07/2025,883.86
HANDSET,MOTOROLA,MOTOROLA 5G XT2503-1 EDGE 60 FUSION,71002063,AZUL,"$7,999.00","$6,879.14","$7,705.00",03/07/2025,16/07/2025,883.86
HANDSET,MOTOROLA,MOTOROLA 5G XT2503-1 EDGE 60 FUSION,71002065,ROSA,"$7,999.00","$6,879.14","$7,705.00",03/07/2025,16/07/2025,883.86
HANDSET,OPPO,OPPO 5G CPH2695 A5 PRO,71002046,CAFE,"$7,999.00","$6,879.14","$7,705.00",15/05/2025,INDEFINIDO,883.86
HANDSET,OPPO,OPPO 5G CPH2695 A5 PRO,71002047,ROSA,"$7,999.00","$6,879.14","$7,705.00",15/05/2025,INDEFINIDO,883.86
HANDSET,HUAWEI,HUAWEI 4.5G BLK-LX9 NOVA 13 256GB,71001740,VERDE,"$8,399.00","$7,223.15","$8,095.00",24/06/2025,13/08/2025,929.85
HANDSET,HUAWEI,HUAWEI 4.5G BLK-LX9 NOVA 13 256GB,71001741,BLANCO,"$8,399.00","$7,223.15","$8,095.00",24/06/2025,13/08/2025,929.85
HANDSET,HUAWEI,HUAWEI 4.5G BLK-LX9 NOVA 13 256GB,71001742,NEGRO,"$8,399.00","$7,223.15","$8,095.00",24/06/2025,13/08/2025,929.85
HANDSET,HONOR,HONOR 5G ELI-NX9 200 256GB,71000406,VERDE,"$8,499.00","$7,309.14","$8,189.00",03/07/2025,16/07/2025,937.86
HANDSET,HONOR,HONOR 5G ELI-NX9 200 256GB,71000407,BLANCO,"$8,499.00","$7,309.14","$8,189.00",03/07/2025,16/07/2025,937.86
HANDSET,HONOR,HONOR 5G ELI-NX9 200 256GB + AUDÍFONOS OWS HB,71000412,VERDE BUNDLE,"$8,499.00","$7,309.14","$8,189.00",03/07/2025,16/07/2025,937.86
HANDSET,HONOR,HONOR 5G ELI-NX9 200 256GB + AUDÍFONOS OWS HB,71000413,BLANCO BUNDLE,"$8,499.00","$7,309.14","$8,189.00",03/07/2025,16/07/2025,937.86
HANDSET,SAMSUNG,SAMSUNG 5G SM-A566E A56 256GB,71001908,ROSA,"$8,999.00","$7,739.14","$8,675.00",10/07/2025,06/08/2025,993.86
HANDSET,SAMSUNG,SAMSUNG 5G SM-A566E A56 256GB,71001909,GRIS,"$8,999.00","$7,739.14","$8,675.00",10/07/2025,06/08/2025,993.86
HANDSET,SAMSUNG,SAMSUNG 5G SM-A566E A56 256GB,71001910,VERDE,"$8,999.00","$7,739.14","$8,675.00",10/07/2025,06/08/2025,993.86
HANDSET,SAMSUNG,SAMSUNG 5G SM-A566E A56 256GB,71001911,NEGRO,"$8,999.00","$7,739.14","$8,675.00",10/07/2025,06/08/2025,993.86
HANDSET,SAMSUNG,SAMSUNG 5G SM-A566E A56 256GB OTA,71001961,ROSA,"$8,999.00","$7,739.14","$8,675.00",10/07/2025,06/08/2025,993.86
HANDSET,SAMSUNG,SAMSUNG 5G SM-A566E A56 256GB OTA,71001962,GRIS,"$8,999.00","$7,739.14","$8,675.00",10/07/2025,06/08/2025,993.86
HANDSET,SAMSUNG,SAMSUNG 5G SM-A566E A56 256GB OTA,71001963,VERDE,"$8,999.00","$7,739.14","$8,675.00",10/07/2025,06/08/2025,993.86
HANDSET,SAMSUNG,SAMSUNG 5G SM-A566E A56 256GB OTA,71001964,NEGRO,"$8,999.00","$7,739.14","$8,675.00",10/07/2025,06/08/2025,993.86
HANDSET,VIVO,VIVO 4G V2441 V50 LITE 256GB,71001953,NEGRO,"$8,999.00","$7,739.14","$8,675.00",06/03/2025,INDEFINIDO,993.86
HANDSET,VIVO,VIVO 4G V2441 V50 LITE 256GB,71001954,LILA,"$8,999.00","$7,739.14","$8,675.00",06/03/2025,INDEFINIDO,993.86
HANDSET,OPPO,OPPO 5G CPH2699 RENO13 F,71001813,GRIS,"$9,499.00","$8,169.14","$9,165.00",10/07/2025,30/07/2025,"1,053.86"
HANDSET,OPPO,OPPO 5G CPH2699 RENO13 F,71001814,MORADO,"$9,499.00","$8,169.14","$9,165.00",10/07/2025,30/07/2025,"1,053.86"
HANDSET,REALME,REALME 5G RMX5056 14 PRO 256GB,71001830,BLANCO,"$9,499.00","$8,169.14","$9,165.00",03/07/2025,30/07/2025,"1,053.86"
HANDSET,REALME,REALME 5G RMX5056 14 PRO 256GB,71001831,GRIS,"$9,499.00","$8,169.14","$9,165.00",03/07/2025,30/07/2025,"1,053.86"
HANDSET,XIAOMI,XIAOMI 5G 24090RA29G REDMI NOTE 14 PRO 5G,71001686,NEGRO,"$9,499.00","$8,169.14","$9,165.00",26/06/2025,30/07/2025,"1,053.86"
HANDSET,XIAOMI,XIAOMI 5G 24090RA29G REDMI NOTE 14 PRO 5G,71001687,VIOLETA,"$9,499.00","$8,169.14","$9,165.00",26/06/2025,30/07/2025,"1,053.86"
HANDSET,XIAOMI,XIAOMI 5G 24090RA29G REDMI NOTE 14 PRO 5G,71001688,VERDE,"$9,499.00","$8,169.14","$9,165.00",26/06/2025,30/07/2025,"1,053.86"
HANDSET,XIAOMI,XIAOMI 5G 24090RA29G REDMI NOTE 14 PRO 5G BUNDLE,71001690,NEGRO,"$9,499.00","$8,169.14","$9,165.00",26/06/2025,30/07/2025,"1,053.86"
HANDSET,XIAOMI,XIAOMI 5G 24090RA29G REDMI NOTE 14 PRO 5G BUNDLE,71001691,VIOLETA,"$9,499.00","$8,169.14","$9,165.00",26/06/2025,30/07/2025,"1,053.86"
HANDSET,XIAOMI,XIAOMI 5G 24090RA29G REDMI NOTE 14 PRO 5G BUNDLE,71001692,VERDE,"$9,499.00","$8,169.14","$9,165.00",26/06/2025,30/07/2025,"1,053.86"
HANDSET,HONOR,HONOR 5G BRP-NX3 MAGIC7 LITE 512GB Y HEADPHONES HB,71001763,MORADO,"$9,999.00","$8,599.14","$9,649.00",15/05/2025,INDEFINIDO,"1,107.86"
HANDSET,HONOR,HONOR 5G BRP-NX3 MAGIC7 LITE 512GB Y HEADPHONES HB,71001764,CIAN,"$9,999.00","$8,599.14","$9,649.00",15/05/2025,INDEFINIDO,"1,107.86"
HANDSET,HONOR,HONOR 5G ELI-NX9 200 512GB,71000409,VERDE,"$9,999.00","$8,599.14","$9,649.00",03/07/2025,16/07/2025,"1,107.86"
HANDSET,HONOR,HONOR 5G ELI-NX9 200 512GB,71000410,BLANCO,"$9,999.00","$8,599.14","$9,649.00",03/07/2025,16/07/2025,"1,107.86"
HANDSET,HONOR,HONOR 5G ELI-NX9 200 512GB + AUDÍFONOS OWS HB,71000414,VERDE BUNDLE,"$9,999.00","$8,599.14","$9,649.00",03/07/2025,16/07/2025,"1,107.86"
HANDSET,HONOR,HONOR 5G ELI-NX9 200 512GB + AUDÍFONOS OWS HB,71000415,BLANCO BUNDLE,"$9,999.00","$8,599.14","$9,649.00",03/07/2025,16/07/2025,"1,107.86"
HANDSET,MOTOROLA,MOTOROLA 5G XT2505-3 EDGE 60,71002134,AZUL,"$9,999.00","$8,599.14","$9,649.00",03/07/2025,16/07/2025,"1,107.86"
HANDSET,MOTOROLA,MOTOROLA 5G XT2505-3 EDGE 60,71002135,VERDE,"$9,999.00","$8,599.14","$9,649.00",03/07/2025,16/07/2025,"1,107.86"
HANDSET,VIVO,VIVO 5G V2440 V50 LITE 256GB,71001950,NEGRO,"$9,999.00","$8,599.14","$9,649.00",06/03/2025,INDEFINIDO,"1,107.86"
HANDSET,VIVO,VIVO 5G V2440 V50 LITE 256GB,71001951,DORADO,"$9,999.00","$8,599.14","$9,649.00",06/03/2025,INDEFINIDO,"1,107.86"
HANDSET,HONOR,HONOR 5G FNE-NX9 70 128GB,70020097,VERDE,"$10,499.00","$9,029.14","$10,135.00",03/06/2025,INDEFINIDO,"1,163.86"
HANDSET,HONOR,HONOR 5G FNE-NX9 70 128GB,70020098,AZUL,"$10,499.00","$9,029.14","$10,135.00",03/06/2025,INDEFINIDO,"1,163.86"
HANDSET,XIAOMI,XIAOMI 5G 24115RA8EG REDMI NOTE 14 PRO PLUS,71001868,AZUL,"$10,999.00","$9,459.14","$10,619.00",24/06/2025,30/07/2025,"1,217.86"
HANDSET,XIAOMI,XIAOMI 5G 24115RA8EG REDMI NOTE 14 PRO PLUS,71001869,NEGRO,"$10,999.00","$9,459.14","$10,619.00",24/06/2025,30/07/2025,"1,217.86"
HANDSET,XIAOMI,XIAOMI 5G 24115RA8EG REDMI NOTE 14 PRO PLUS,71001870,VIOLETA,"$10,999.00","$9,459.14","$10,619.00",24/06/2025,30/07/2025,"1,217.86"
HANDSET,XIAOMI,XIAOMI 5G 24115RA8EG REDMI NOTE 14 PRO PLUS BUNDLE,71001785,AZUL BUNDLE,"$10,999.00","$9,459.14","$10,619.00",24/06/2025,30/07/2025,"1,217.86"
HANDSET,XIAOMI,XIAOMI 5G 24115RA8EG REDMI NOTE 14 PRO PLUS BUNDLE,71001786,NEGRO BUNDLE,"$10,999.00","$9,459.14","$10,619.00",24/06/2025,30/07/2025,"1,217.86"
HANDSET,XIAOMI,XIAOMI 5G 24115RA8EG REDMI NOTE 14 PRO PLUS BUNDLE,71001787,VIOLETA BUNDLE,"$10,999.00","$9,459.14","$10,619.00",24/06/2025,30/07/2025,"1,217.86"
HANDSET,APPLE,APPLE 5G IPHONE 13 128GB,70018364,MIDNIGHT,"$9,999.00","$9,499.05","$10,665.00",10/07/2025,16/07/2025,"1,223.95"
HANDSET,APPLE,APPLE 5G IPHONE 13 128GB,70018367,STARLIGTH,"$9,999.00","$9,499.05","$10,665.00",10/07/2025,16/07/2025,"1,223.95"
HANDSET,REALME,REALME 5G RMX5056 14 PRO 512GB,71001833,BLANCO,"$11,599.00","$9,975.14","$11,205.00",03/07/2025,16/07/2025,"1,287.86"
HANDSET,REALME,REALME 5G RMX5056 14 PRO 512GB,71001834,GRIS,"$11,599.00","$9,975.14","$11,205.00",03/07/2025,16/07/2025,"1,287.86"
HANDSET,HUAWEI,HUAWEI 4.5G MIS-LX9 NOVA 13 PRO 512GB,71001747,VERDE,"$11,899.00","$10,233.14","$11,495.00",24/06/2025,13/08/2025,"1,319.86"
HANDSET,HUAWEI,HUAWEI 4.5G MIS-LX9 NOVA 13 PRO 512GB,71001748,BLANCO,"$11,899.00","$10,233.14","$11,495.00",24/06/2025,13/08/2025,"1,319.86"
HANDSET,HUAWEI,HUAWEI 4.5G MIS-LX9 NOVA 13 PRO 512GB,71001749,NEGRO,"$11,899.00","$10,233.14","$11,495.00",24/06/2025,13/08/2025,"1,319.86"
HANDSET,HUAWEI,HUAWEI 4.5G HBN-LX9 PURA 70 PRO,71000224,BLANCO,"$12,249.00","$10,534.13","$11,835.00",03/07/2025,13/08/2025,"1,358.87"
HANDSET,HUAWEI,HUAWEI 4.5G HBN-LX9 PURA 70 PRO,71000225,NEGRO,"$12,249.00","$10,534.13","$11,835.00",03/07/2025,13/08/2025,"1,358.87"
HANDSET,HONOR,HONOR 5G DNY-NX9 400 512GB Y HEADPHONES HB,71002234,DORADO,"$12,999.00","$11,179.14","$12,565.00",10/07/2025,INDEFINIDO,"1,443.86"
HANDSET,HONOR,HONOR 5G DNY-NX9 400 512GB Y HEADPHONES HB,71002235,NEGRO,"$12,999.00","$11,179.14","$12,565.00",10/07/2025,INDEFINIDO,"1,443.86"
HANDSET,HONOR,HONOR 5G DNY-NX9 400 HB + HONOR 4G NIC-LX3 X6C,71002296,DORADO,"$12,999.00","$11,179.14","$12,565.00",10/07/2025,03/09/2025,"1,443.86"
HANDSET,HONOR,HONOR 5G DNY-NX9 400 HB + HONOR 4G NIC-LX3 X6C,71002297,NEGRO,"$12,999.00","$11,179.14","$12,565.00",10/07/2025,03/09/2025,"1,443.86"
HANDSET,SAMSUNG,SAMSUNG 5G SM-S721B GALAXY S24 FE 128GB,71001852,AZUL,"$12,999.00","$11,179.14","$12,565.00",10/07/2025,30/07/2025,"1,443.86"
HANDSET,SAMSUNG,SAMSUNG 5G SM-S721B GALAXY S24 FE 128GB,71001853,NEGRO,"$12,999.00","$11,179.14","$12,565.00",10/07/2025,30/07/2025,"1,443.86"
HANDSET,SAMSUNG,SAMSUNG 5G SM-S721B GALAXY S24 FE 128GB,71001854,GRIS,"$12,999.00","$11,179.14","$12,565.00",10/07/2025,30/07/2025,"1,443.86"
HANDSET,SAMSUNG,SAMSUNG 5G SM-S721B GALAXY S24 FE 128GB,71001855,MENTA,"$12,999.00","$11,179.14","$12,565.00",10/07/2025,30/07/2025,"1,443.86"
HANDSET,SAMSUNG,SAMSUNG 5G SM-S721B S24 FE 128GB OTA,71002059,AZUL,"$12,999.00","$11,179.14","$12,565.00",10/07/2025,30/07/2025,"1,443.86"
HANDSET,SAMSUNG,SAMSUNG 5G SM-S721B S24 FE 128GB OTA,71002060,NEGRO,"$12,999.00","$11,179.14","$12,565.00",10/07/2025,30/07/2025,"1,443.86"
HANDSET,SAMSUNG,SAMSUNG 5G SM-S721B S24 FE 128GB OTA,71002061,GRIS,"$12,999.00","$11,179.14","$12,565.00",10/07/2025,30/07/2025,"1,443.86"
HANDSET,SAMSUNG,SAMSUNG 5G SM-S721B S24 FE 128GB OTA,71002062,MENTA,"$12,999.00","$11,179.14","$12,565.00",10/07/2025,30/07/2025,"1,443.86"
HANDSET,APPLE,APPLE 5G IPHONE 14 128GB ,70020424,BLUE,"$12,199.00","$11,589.05","$13,029.00",10/07/2025,16/07/2025,"1,497.95"
HANDSET,APPLE,APPLE 5G IPHONE 14 128GB ,70020425,MIDNIGHT,"$12,199.00","$11,589.05","$13,029.00",10/07/2025,16/07/2025,"1,497.95"
HANDSET,OPPO,OPPO 5G CPH2625 RENO12 + OPPO 4G CPH2669 A40 256GB,71002285,GRIS,"$13,999.00","$12,039.14","$13,535.00",04/07/2025,23/07/2025,"1,553.86"
HANDSET,OPPO,OPPO 5G CPH2625 RENO12 + OPPO 4G CPH2669 A40 256GB,71002286,MORADO,"$13,999.00","$12,039.14","$13,535.00",04/07/2025,23/07/2025,"1,553.86"
HANDSET,SAMSUNG,SAMSUNG 5G SM-S721B S24 FE 256GB,71001481,AZUL,"$13,999.00","$12,039.14","$13,535.00",10/07/2025,30/07/2025,"1,553.86"
HANDSET,SAMSUNG,SAMSUNG 5G SM-S721B S24 FE 256GB,71001482,NEGRO,"$13,999.00","$12,039.14","$13,535.00",10/07/2025,30/07/2025,"1,553.86"
HANDSET,SAMSUNG,SAMSUNG 5G SM-S721B S24 FE 256GB,71001483,GRIS,"$13,999.00","$12,039.14","$13,535.00",10/07/2025,30/07/2025,"1,553.86"
HANDSET,SAMSUNG,SAMSUNG 5G SM-S721B S24 FE 256GB,71001484,MENTA,"$13,999.00","$12,039.14","$13,535.00",10/07/2025,30/07/2025,"1,553.86"
HANDSET,VIVO,VIVO 5G V2348 V40,71000369,AZUL,"$13,999.00","$12,039.14","$13,535.00",03/04/2025,27/08/2025,"1,553.86"
HANDSET,VIVO,VIVO 5G V2348 V40,71000370,PLATA,"$13,999.00","$12,039.14","$13,535.00",03/04/2025,27/08/2025,"1,553.86"
HANDSET,MOTOROLA,MOTOROLA 5G XT2507-1 EDGE 60 PRO,71002124,GRIS,"$14,999.00","$12,899.14","$14,509.00",29/05/2025,INDEFINIDO,"1,667.86"
HANDSET,OPPO,OPPO 5G CPH2689 RENO13,71001816,AZUL,"$14,999.00","$12,899.14","$14,509.00",22/05/2025,INDEFINIDO,"1,667.86"
HANDSET,OPPO,OPPO 5G CPH2689 RENO13,71001817,BLANCO,"$14,999.00","$12,899.14","$14,509.00",22/05/2025,INDEFINIDO,"1,667.86"
HANDSET,VIVO,VIVO 5G V2427 V50 512GB,71001880,AZUL,"$14,999.00","$12,899.14","$14,509.00",03/04/2025,INDEFINIDO,"1,667.86"
HANDSET,VIVO,VIVO 5G V2427 V50 512GB,71001881,VIOLETA,"$14,999.00","$12,899.14","$14,509.00",03/04/2025,INDEFINIDO,"1,667.86"
HANDSET,APPLE,APPLE 5G IPHONE 16E 128GB,71001913,BLANCO,"$13,999.00","$13,299.04","$14,959.00",01/07/2025,06/08/2025,"1,717.96"
HANDSET,APPLE,APPLE 5G IPHONE 16E 128GB,71001914,NEGRO,"$13,999.00","$13,299.04","$14,959.00",01/07/2025,06/08/2025,"1,717.96"
HANDSET,NUBIA,NUBIA 5G NX732J FLIP 2 512GB,71002165,NEGRO,"$15,999.00","$13,759.14","$15,479.00",15/05/2025,INDEFINIDO,"1,777.86"
HANDSET,NUBIA,NUBIA 5G NX732J FLIP 2 512GB,71002166,MORADO,"$15,999.00","$13,759.14","$15,479.00",15/05/2025,INDEFINIDO,"1,777.86"
HANDSET,SAMSUNG,SAMSUNG 5G SM-S931B S25 256GB,71001780,AZUL,"$16,999.00","$14,619.14","$16,449.00",10/07/2025,23/07/2025,"1,887.86"
HANDSET,SAMSUNG,SAMSUNG 5G SM-S931B S25 256GB,71001781,MENTA,"$16,999.00","$14,619.14","$16,449.00",10/07/2025,23/07/2025,"1,887.86"
HANDSET,SAMSUNG,SAMSUNG 5G SM-S931B S25 256GB,71001782,AZUL MARINO,"$16,999.00","$14,619.14","$16,449.00",10/07/2025,23/07/2025,"1,887.86"
HANDSET,SAMSUNG,SAMSUNG 5G SM-S931B S25 256GB,71001783,PLATA,"$16,999.00","$14,619.14","$16,449.00",10/07/2025,23/07/2025,"1,887.86"
HANDSET,SAMSUNG,SAMSUNG 5G SM-S931B S25 256GB OTA,71002039,AZUL,"$16,999.00","$14,619.14","$16,449.00",10/07/2025,23/07/2025,"1,887.86"
HANDSET,SAMSUNG,SAMSUNG 5G SM-S931B S25 256GB OTA,71002040,MENTA,"$16,999.00","$14,619.14","$16,449.00",10/07/2025,23/07/2025,"1,887.86"
HANDSET,SAMSUNG,SAMSUNG 5G SM-S931B S25 256GB OTA,71002041,AZUL MARINO,"$16,999.00","$14,619.14","$16,449.00",10/07/2025,23/07/2025,"1,887.86"
HANDSET,SAMSUNG,SAMSUNG 5G SM-S931B S25 256GB OTA,71002042,PLATA,"$16,999.00","$14,619.14","$16,449.00",10/07/2025,23/07/2025,"1,887.86"
HANDSET,APPLE,APPLE 5G IPHONE 14 256GB ,70020429,BLUE,"$15,499.00","$14,724.05","$16,569.00",14/03/2025,06/08/2025,"1,902.95"
HANDSET,APPLE,APPLE 5G IPHONE 14 256GB ,70020430,MIDNIGHT,"$15,499.00","$14,724.05","$16,569.00",14/03/2025,06/08/2025,"1,902.95"
HANDSET,APPLE,APPLE 5G IPHONE 14 256GB ,70020431,PURPLE,"$15,499.00","$14,724.05","$16,569.00",14/03/2025,06/08/2025,"1,902.95"
HANDSET,APPLE,APPLE 5G IPHONE 15 128GB,70022695,BLACK,"$17,499.00","$16,624.04","$18,715.00",30/09/2024,INDEFINIDO,"2,148.96"
HANDSET,APPLE,APPLE 5G IPHONE 15 128GB,70022696,PINK,"$17,499.00","$16,624.04","$18,715.00",30/09/2024,INDEFINIDO,"2,148.96"
HANDSET,APPLE,APPLE 5G IPHONE 15 128GB,70022697,YELLOW,"$17,499.00","$16,624.04","$18,715.00",30/09/2024,INDEFINIDO,"2,148.96"
HANDSET,APPLE,APPLE 5G IPHONE 15 128GB,70022698,BLUE,"$17,499.00","$16,624.04","$18,715.00",30/09/2024,INDEFINIDO,"2,148.96"
HANDSET,APPLE,APPLE 5G IPHONE 15 128GB,70022699,GREEN,"$17,499.00","$16,624.04","$18,715.00",30/09/2024,INDEFINIDO,"2,148.96"
HANDSET,APPLE,APPLE 5G IPHONE 16E 256GB,71001915,BLANCO,"$17,499.00","$16,624.04","$18,715.00",28/02/2025,INDEFINIDO,"2,148.96"
HANDSET,APPLE,APPLE 5G IPHONE 16E 256GB,71001916,NEGRO,"$17,499.00","$16,624.04","$18,715.00",28/02/2025,INDEFINIDO,"2,148.96"
HANDSET,HONOR,HONOR 5G DNP-NX9 400 PRO 512GB Y HEADPHONES HB,71002237,GRIS,"$19,999.00","$17,199.15","$19,365.00",10/07/2025,INDEFINIDO,"2,223.85"
HANDSET,HONOR,HONOR 5G DNP-NX9 400 PRO HB + HONOR 4G ALT-LX3 X7C,71002298,GRIS,"$19,999.00","$17,199.15","$19,365.00",10/07/2025,03/09/2025,"2,223.85"
HANDSET,HONOR,HONOR 5G ELP-NX9 200 PRO,71000416,CIAN,"$19,999.00","$17,199.15","$19,365.00",12/09/2024,INDEFINIDO,"2,223.85"
HANDSET,HONOR,HONOR 5G ELP-NX9 200 PRO,71000417,NEGRO,"$19,999.00","$17,199.15","$19,365.00",12/09/2024,INDEFINIDO,"2,223.85"
HANDSET,HONOR,HONOR 5G ELP-NX9 200 PRO + PAD X9 WI-FI HB,71000419,CIAN BUNDLE,"$19,999.00","$17,199.15","$19,365.00",12/09/2024,INDEFINIDO,"2,223.85"
HANDSET,HONOR,HONOR 5G ELP-NX9 200 PRO + PAD X9 WI-FI HB,71000420,NEGRO BUNDLE,"$19,999.00","$17,199.15","$19,365.00",12/09/2024,INDEFINIDO,"2,223.85"
HANDSET,HONOR,HONOR 5G ELP-NX9 200 PRO + PAD X9 WI-FI Y CARGADOR INALÁMBRICO HB,71000421,CIAN BUNDLE 2,"$19,999.00","$17,199.15","$19,365.00",12/09/2024,INDEFINIDO,"2,223.85"
HANDSET,HONOR,HONOR 5G ELP-NX9 200 PRO + PAD X9 WI-FI Y CARGADOR INALÁMBRICO HB,71000422,NEGRO BUNDLE 2,"$19,999.00","$17,199.15","$19,365.00",12/09/2024,INDEFINIDO,"2,223.85"
HANDSET,OPPO,OPPO 5G CPH2519 FIND N3 FLIP,70023548,NEGRO,"$19,999.00","$17,199.15","$19,365.00",28/06/2025,INDEFINIDO,"2,223.85"
HANDSET,OPPO,OPPO 5G CPH2697 RENO13 PRO,71002088,GRIS,"$19,999.00","$17,199.15","$19,365.00",17/04/2025,INDEFINIDO,"2,223.85"
HANDSET,OPPO,OPPO 5G CPH2697 RENO13 PRO,71002089,MORADO,"$19,999.00","$17,199.15","$19,365.00",17/04/2025,INDEFINIDO,"2,223.85"
HANDSET,SAMSUNG,SAMSUNG 5G SM-S918B GALAXY S23 ULTRA 256GB,70021464,BEIGE,"$19,999.00","$17,199.15","$19,365.00",10/07/2025,06/08/2025,"2,223.85"
HANDSET,SAMSUNG,SAMSUNG 5G SM-S918B GALAXY S23 ULTRA 256GB,70021465,NEGRO,"$19,999.00","$17,199.15","$19,365.00",10/07/2025,06/08/2025,"2,223.85"
HANDSET,SAMSUNG,SAMSUNG 5G SM-S918B GALAXY S23 ULTRA 256GB,70021466,ROSA,"$19,999.00","$17,199.15","$19,365.00",10/07/2025,06/08/2025,"2,223.85"
HANDSET,SAMSUNG,SAMSUNG 5G SM-S918B GALAXY S23 ULTRA 256GB,70021467,VERDE,"$19,999.00","$17,199.15","$19,365.00",10/07/2025,06/08/2025,"2,223.85"
HANDSET,XIAOMI,XIAOMI 5G 2306EPN60G XIAOMI 13T,70023418,AZUL,"$19,999.00","$17,199.15","$19,365.00",05/09/2024,INDEFINIDO,"2,223.85"
HANDSET,SAMSUNG,SAMSUNG 5G SM-S926B S24 PLUS 256GB,70023749,GRIS,"$21,999.00","$18,919.15","$21,309.00",03/07/2025,INDEFINIDO,"2,447.85"
HANDSET,SAMSUNG,SAMSUNG 5G SM-S926B S24 PLUS 256GB,70023750,NEGRO,"$21,999.00","$18,919.15","$21,309.00",03/07/2025,INDEFINIDO,"2,447.85"
HANDSET,APPLE,APPLE 5G IPHONE 15 256GB,70022700,BLACK,"$19,999.00","$18,999.05","$21,399.00",30/09/2024,INDEFINIDO,"2,457.95"
HANDSET,APPLE,APPLE 5G IPHONE 15 256GB,70022701,PINK,"$19,999.00","$18,999.05","$21,399.00",30/09/2024,INDEFINIDO,"2,457.95"
HANDSET,APPLE,APPLE 5G IPHONE 15 256GB,70022702,YELLOW,"$19,999.00","$18,999.05","$21,399.00",30/09/2024,INDEFINIDO,"2,457.95"
HANDSET,APPLE,APPLE 5G IPHONE 15 256GB,70022703,BLUE,"$19,999.00","$18,999.05","$21,399.00",30/09/2024,INDEFINIDO,"2,457.95"
HANDSET,APPLE,APPLE 5G IPHONE 15 256GB,70022704,GREEN,"$19,999.00","$18,999.05","$21,399.00",30/09/2024,INDEFINIDO,"2,457.95"
HANDSET,APPLE,APPLE 5G IPHONE 15 PLUS 128GB,70022710,BLACK,"$19,999.00","$18,999.05","$21,399.00",30/09/2024,INDEFINIDO,"2,457.95"
HANDSET,APPLE,APPLE 5G IPHONE 15 PLUS 128GB,70022711,PINK,"$19,999.00","$18,999.05","$21,399.00",30/09/2024,INDEFINIDO,"2,457.95"
HANDSET,APPLE,APPLE 5G IPHONE 15 PLUS 128GB,70022712,YELLOW,"$19,999.00","$18,999.05","$21,399.00",30/09/2024,INDEFINIDO,"2,457.95"
HANDSET,APPLE,APPLE 5G IPHONE 15 PLUS 128GB,70022713,BLUE,"$19,999.00","$18,999.05","$21,399.00",30/09/2024,INDEFINIDO,"2,457.95"
HANDSET,APPLE,APPLE 5G IPHONE 15 PLUS 128GB,70022714,GREEN,"$19,999.00","$18,999.05","$21,399.00",30/09/2024,INDEFINIDO,"2,457.95"
HANDSET,APPLE,APPLE 5G IPHONE 15 PLUS 512GB,70022720,BLACK,"$19,999.00","$18,999.05","$21,399.00",16/01/2025,INDEFINIDO,"2,457.95"
HANDSET,APPLE,APPLE 5G IPHONE 15 PLUS 512GB,70022721,PINK,"$19,999.00","$18,999.05","$21,399.00",16/01/2025,INDEFINIDO,"2,457.95"
HANDSET,APPLE,APPLE 5G IPHONE 15 PLUS 512GB,70022722,AMARILLO,"$19,999.00","$18,999.05","$21,399.00",16/01/2025,INDEFINIDO,"2,457.95"
HANDSET,APPLE,APPLE 5G IPHONE 15 PLUS 512GB,70022723,BLUE,"$19,999.00","$18,999.05","$21,399.00",16/01/2025,INDEFINIDO,"2,457.95"
HANDSET,APPLE,APPLE 5G IPHONE 15 PLUS 512GB,70022724,GREEN,"$19,999.00","$18,999.05","$21,399.00",16/01/2025,INDEFINIDO,"2,457.95"
HANDSET,APPLE,APPLE 5G IPHONE 16 128GB,71000453,VERDE AZULADO,"$19,999.00","$18,999.05","$21,399.00",20/09/2024,INDEFINIDO,"2,457.95"
HANDSET,APPLE,APPLE 5G IPHONE 16 128GB,71000454,ROSA,"$19,999.00","$18,999.05","$21,399.00",20/09/2024,INDEFINIDO,"2,457.95"
HANDSET,APPLE,APPLE 5G IPHONE 16 128GB,71000455,BLANCO,"$19,999.00","$18,999.05","$21,399.00",20/09/2024,INDEFINIDO,"2,457.95"
HANDSET,APPLE,APPLE 5G IPHONE 16 128GB,71000456,NEGRO,"$19,999.00","$18,999.05","$21,399.00",20/09/2024,INDEFINIDO,"2,457.95"
HANDSET,APPLE,APPLE 5G IPHONE 16 128GB,71000457,ULTRA MARINO,"$19,999.00","$18,999.05","$21,399.00",20/09/2024,INDEFINIDO,"2,457.95"
HANDSET,APPLE,APPLE 5G IPHONE 14 512GB ,70020434,BLUE,"$20,499.00","$19,474.05","$21,939.00",14/03/2025,06/08/2025,"2,522.95"
HANDSET,APPLE,APPLE 5G IPHONE 14 512GB ,70020435,MIDNIGHT,"$20,499.00","$19,474.05","$21,939.00",14/03/2025,06/08/2025,"2,522.95"
HANDSET,APPLE,APPLE 5G IPHONE 14 512GB ,70020436,PURPLE,"$20,499.00","$19,474.05","$21,939.00",14/03/2025,06/08/2025,"2,522.95"
HANDSET,SAMSUNG,SAMSUNG 5G SM-S937B S25 EDGE 256GB,71002140,AZUL,"$23,999.00","$20,639.14","$23,255.00",10/07/2025,06/08/2025,"2,673.86"
HANDSET,SAMSUNG,SAMSUNG 5G SM-S937B S25 EDGE 256GB,71002141,NEGRO,"$23,999.00","$20,639.14","$23,255.00",10/07/2025,06/08/2025,"2,673.86"
HANDSET,SAMSUNG,SAMSUNG 5G SM-S937B S25 EDGE 256GB,71002142,PLATA,"$23,999.00","$20,639.14","$23,255.00",10/07/2025,06/08/2025,"2,673.86"
HANDSET,APPLE,APPLE 5G IPHONE 15 PLUS 256GB,70022715,BLACK,"$22,499.00","$21,374.06","$24,085.00",30/09/2024,INDEFINIDO,"2,768.94"
HANDSET,APPLE,APPLE 5G IPHONE 15 PLUS 256GB,70022716,PINK,"$22,499.00","$21,374.06","$24,085.00",30/09/2024,INDEFINIDO,"2,768.94"
HANDSET,APPLE,APPLE 5G IPHONE 15 PLUS 256GB,70022717,YELLOW,"$22,499.00","$21,374.06","$24,085.00",30/09/2024,INDEFINIDO,"2,768.94"
HANDSET,APPLE,APPLE 5G IPHONE 15 PLUS 256GB,70022718,BLUE,"$22,499.00","$21,374.06","$24,085.00",30/09/2024,INDEFINIDO,"2,768.94"
HANDSET,APPLE,APPLE 5G IPHONE 15 PLUS 256GB,70022719,GREEN,"$22,499.00","$21,374.06","$24,085.00",30/09/2024,INDEFINIDO,"2,768.94"
HANDSET,APPLE,APPLE 5G IPHONE 16 256GB,71000458,VERDE AZULADO,"$22,499.00","$21,374.06","$24,085.00",20/09/2024,INDEFINIDO,"2,768.94"
HANDSET,APPLE,APPLE 5G IPHONE 16 256GB,71000459,ROSA,"$22,499.00","$21,374.06","$24,085.00",20/09/2024,INDEFINIDO,"2,768.94"
HANDSET,APPLE,APPLE 5G IPHONE 16 256GB,71000460,BLANCO,"$22,499.00","$21,374.06","$24,085.00",20/09/2024,INDEFINIDO,"2,768.94"
HANDSET,APPLE,APPLE 5G IPHONE 16 256GB,71000461,NEGRO,"$22,499.00","$21,374.06","$24,085.00",20/09/2024,INDEFINIDO,"2,768.94"
HANDSET,APPLE,APPLE 5G IPHONE 16 256GB,71000462,ULTRA MARINO,"$22,499.00","$21,374.06","$24,085.00",20/09/2024,INDEFINIDO,"2,768.94"
HANDSET,APPLE,APPLE 5G IPHONE 16E 512GB,71001917,BLANCO,"$22,499.00","$21,374.06","$24,085.00",26/03/2025,INDEFINIDO,"2,768.94"
HANDSET,APPLE,APPLE 5G IPHONE 16E 512GB,71001918,NEGRO,"$22,499.00","$21,374.06","$24,085.00",26/03/2025,INDEFINIDO,"2,768.94"
HANDSET,OPPO,OPPO 5G CPH2659 FIND X8 PRO,71001660,BLANCO,"$24,999.00","$21,499.14","$24,225.00",06/12/2024,INDEFINIDO,"2,783.86"
HANDSET,OPPO,OPPO 5G CPH2659 FIND X8 PRO,71001661,NEGRO,"$24,999.00","$21,499.14","$24,225.00",06/12/2024,INDEFINIDO,"2,783.86"
HANDSET,XIAOMI,XIAOMI 5G 24129PN74G 15 512GB,71001977,NEGRO,"$24,999.00","$21,499.14","$24,225.00",03/04/2025,INDEFINIDO,"2,783.86"
HANDSET,XIAOMI,XIAOMI 5G 24129PN74G 15 512GB,71001978,BLANCO,"$24,999.00","$21,499.14","$24,225.00",03/04/2025,INDEFINIDO,"2,783.86"
HANDSET,XIAOMI,XIAOMI 5G 24129PN74G 15 512GB,71001979,VERDE,"$24,999.00","$21,499.14","$24,225.00",03/04/2025,INDEFINIDO,"2,783.86"
HANDSET,XIAOMI,XIAOMI 5G 24129PN74G 15 512GB BUNDLE,71001987,NEGRO,"$24,999.00","$21,499.14","$24,225.00",03/04/2025,INDEFINIDO,"2,783.86"
HANDSET,XIAOMI,XIAOMI 5G 24129PN74G 15 512GB BUNDLE,71001988,BLANCO,"$24,999.00","$21,499.14","$24,225.00",03/04/2025,INDEFINIDO,"2,783.86"
HANDSET,XIAOMI,XIAOMI 5G 24129PN74G 15 512GB BUNDLE,71001989,VERDE,"$24,999.00","$21,499.14","$24,225.00",03/04/2025,INDEFINIDO,"2,783.86"
HANDSET,APPLE,APPLE 5G IPHONE 16 PLUS 128GB,71000468,VERDE AZULADO,"$22,999.00","$21,849.04","$24,619.00",20/09/2024,INDEFINIDO,"2,827.96"
HANDSET,APPLE,APPLE 5G IPHONE 16 PLUS 128GB,71000469,ROSA,"$22,999.00","$21,849.04","$24,619.00",20/09/2024,INDEFINIDO,"2,827.96"
HANDSET,APPLE,APPLE 5G IPHONE 16 PLUS 128GB,71000470,BLANCO,"$22,999.00","$21,849.04","$24,619.00",20/09/2024,INDEFINIDO,"2,827.96"
HANDSET,APPLE,APPLE 5G IPHONE 16 PLUS 128GB,71000471,NEGRO,"$22,999.00","$21,849.04","$24,619.00",20/09/2024,INDEFINIDO,"2,827.96"
HANDSET,APPLE,APPLE 5G IPHONE 16 PLUS 128GB,71000472,ULTRA MARINO,"$22,999.00","$21,849.04","$24,619.00",20/09/2024,INDEFINIDO,"2,827.96"
HANDSET,SAMSUNG,SAMSUNG 5G SM-F766B Z FLIP7 512GB PV,71002293,ROJO,"$25,499.00","$21,929.14","$24,709.00",10/07/2025,20/08/2025,"2,837.86"
HANDSET,SAMSUNG,SAMSUNG 5G SM-F766B Z FLIP7 512GB PV,71002294,NEGRO,"$25,499.00","$21,929.14","$24,709.00",10/07/2025,20/08/2025,"2,837.86"
HANDSET,SAMSUNG,SAMSUNG 5G SM-F766B Z FLIP7 512GB PV,71002295,AZUL,"$25,499.00","$21,929.14","$24,709.00",10/07/2025,20/08/2025,"2,837.86"
HANDSET,APPLE,APPLE 5G IPHONE 15 PRO 256GB,70022732,BLUE,"$23,999.00","$22,799.05","$25,695.00",04/04/2025,16/07/2025,"2,953.95"
HANDSET,SAMSUNG,SAMSUNG 5G SM-S937B S25 EDGE 512GB,71002143,AZUL,"$26,999.00","$23,219.14","$26,169.00",10/07/2025,06/08/2025,"3,007.86"
HANDSET,SAMSUNG,SAMSUNG 5G SM-S937B S25 EDGE 512GB,71002144,NEGRO,"$26,999.00","$23,219.14","$26,169.00",10/07/2025,06/08/2025,"3,007.86"
HANDSET,SAMSUNG,SAMSUNG 5G SM-S937B S25 EDGE 512GB,71002145,PLATA,"$26,999.00","$23,219.14","$26,169.00",10/07/2025,06/08/2025,"3,007.86"
HANDSET,APPLE,APPLE 5G IPHONE 15 512GB,70022705,BLACK,"$24,999.00","$23,749.05","$26,769.00",30/09/2024,INDEFINIDO,"3,077.95"
HANDSET,APPLE,APPLE 5G IPHONE 15 512GB,70022706,PINK,"$24,999.00","$23,749.05","$26,769.00",30/09/2024,INDEFINIDO,"3,077.95"
HANDSET,APPLE,APPLE 5G IPHONE 15 512GB,70022707,YELLOW,"$24,999.00","$23,749.05","$26,769.00",30/09/2024,INDEFINIDO,"3,077.95"
HANDSET,APPLE,APPLE 5G IPHONE 15 512GB,70022708,BLUE,"$24,999.00","$23,749.05","$26,769.00",30/09/2024,INDEFINIDO,"3,077.95"
HANDSET,APPLE,APPLE 5G IPHONE 15 512GB,70022709,GREEN,"$24,999.00","$23,749.05","$26,769.00",30/09/2024,INDEFINIDO,"3,077.95"
HANDSET,SAMSUNG,SAMSUNG 5G SM-S938B S25 UL 256GB,71001776,NEGRO,"$27,999.00","$24,079.14","$27,139.00",10/07/2025,23/07/2025,"3,117.86"
HANDSET,SAMSUNG,SAMSUNG 5G SM-S938B S25 UL 256GB,71001777,GRIS,"$27,999.00","$24,079.14","$27,139.00",10/07/2025,23/07/2025,"3,117.86"
HANDSET,SAMSUNG,SAMSUNG 5G SM-S938B S25 UL 256GB,71001778,AZUL,"$27,999.00","$24,079.14","$27,139.00",10/07/2025,23/07/2025,"3,117.86"
HANDSET,SAMSUNG,SAMSUNG 5G SM-S938B S25 UL 256GB,71001779,PLATA,"$27,999.00","$24,079.14","$27,139.00",10/07/2025,23/07/2025,"3,117.86"
HANDSET,SAMSUNG,SAMSUNG 5G SM-S938B S25 ULTRA 256GB OTA,71002035,NEGRO,"$27,999.00","$24,079.14","$27,139.00",10/07/2025,23/07/2025,"3,117.86"
HANDSET,SAMSUNG,SAMSUNG 5G SM-S938B S25 ULTRA 256GB OTA,71002036,GRIS,"$27,999.00","$24,079.14","$27,139.00",10/07/2025,23/07/2025,"3,117.86"
HANDSET,SAMSUNG,SAMSUNG 5G SM-S938B S25 ULTRA 256GB OTA,71002037,AZUL,"$27,999.00","$24,079.14","$27,139.00",10/07/2025,23/07/2025,"3,117.86"
HANDSET,SAMSUNG,SAMSUNG 5G SM-S938B S25 ULTRA 256GB OTA,71002038,PLATA,"$27,999.00","$24,079.14","$27,139.00",10/07/2025,23/07/2025,"3,117.86"
HANDSET,APPLE,APPLE 5G IPHONE 16 PLUS 256GB,71000473,VERDE AZULADO,"$25,499.00","$24,224.05","$27,305.00",20/09/2024,INDEFINIDO,"3,138.95"
HANDSET,APPLE,APPLE 5G IPHONE 16 PLUS 256GB,71000474,ROSA,"$25,499.00","$24,224.05","$27,305.00",20/09/2024,INDEFINIDO,"3,138.95"
HANDSET,APPLE,APPLE 5G IPHONE 16 PLUS 256GB,71000475,BLANCO,"$25,499.00","$24,224.05","$27,305.00",20/09/2024,INDEFINIDO,"3,138.95"
HANDSET,APPLE,APPLE 5G IPHONE 16 PLUS 256GB,71000476,NEGRO,"$25,499.00","$24,224.05","$27,305.00",20/09/2024,INDEFINIDO,"3,138.95"
HANDSET,APPLE,APPLE 5G IPHONE 16 PLUS 256GB,71000477,ULTRA MARINO,"$25,499.00","$24,224.05","$27,305.00",20/09/2024,INDEFINIDO,"3,138.95"
HANDSET,SAMSUNG,SAMSUNG 5G SM-S937B S25 EDGE 256GB,71002147,AZUL,"$28,499.00","$24,509.14","$27,625.00",08/07/2025,11/07/2025,"3,173.86"
HANDSET,SAMSUNG,SAMSUNG 5G SM-S937B S25 EDGE 256GB,71002148,NEGRO,"$28,499.00","$24,509.14","$27,625.00",08/07/2025,11/07/2025,"3,173.86"
HANDSET,SAMSUNG,SAMSUNG 5G SM-S937B S25 EDGE 256GB,71002149,PLATA,"$28,499.00","$24,509.14","$27,625.00",08/07/2025,11/07/2025,"3,173.86"
HANDSET,APPLE,APPLE 5G IPHONE 16 PRO 128GB,71000483,DESIERTO,"$25,999.00","$24,699.04","$27,839.00",20/09/2024,INDEFINIDO,"3,197.96"
HANDSET,APPLE,APPLE 5G IPHONE 16 PRO 128GB,71000484,NATURAL,"$25,999.00","$24,699.04","$27,839.00",20/09/2024,INDEFINIDO,"3,197.96"
HANDSET,APPLE,APPLE 5G IPHONE 16 PRO 128GB,71000485,BLANCO,"$25,999.00","$24,699.04","$27,839.00",20/09/2024,INDEFINIDO,"3,197.96"
HANDSET,APPLE,APPLE 5G IPHONE 16 PRO 128GB,71000486,NEGRO,"$25,999.00","$24,699.04","$27,839.00",20/09/2024,INDEFINIDO,"3,197.96"
HANDSET,HONOR,HONOR 5G BVL-N49 MAGIC6 PRO,71000169,VERDE,"$28,999.00","$24,939.14","$28,115.00",04/07/2024,INDEFINIDO,"3,233.86"
HANDSET,HONOR,HONOR 5G BVL-N49 MAGIC6 PRO,71000170,NEGRO,"$28,999.00","$24,939.14","$28,115.00",04/07/2024,INDEFINIDO,"3,233.86"
HANDSET,HONOR,HONOR 5G BVL-N49 MAGIC6 PRO BUNDLE + PAD X9,71000152,VERDE BUNDLE,"$28,999.00","$24,939.14","$28,115.00",04/07/2024,INDEFINIDO,"3,233.86"
HANDSET,HONOR,HONOR 5G BVL-N49 MAGIC6 PRO BUNDLE + PAD X9,71000153,NEGRO BUNDLE,"$28,999.00","$24,939.14","$28,115.00",04/07/2024,INDEFINIDO,"3,233.86"
HANDSET,SAMSUNG,SAMSUNG 5G SM-936B S25+ 512GB,71001766,AZUL,"$28,999.00","$24,939.14","$28,115.00",03/07/2025,INDEFINIDO,"3,233.86"
HANDSET,SAMSUNG,SAMSUNG 5G SM-936B S25+ 512GB,71001767,MENTA,"$28,999.00","$24,939.14","$28,115.00",03/07/2025,INDEFINIDO,"3,233.86"
HANDSET,SAMSUNG,SAMSUNG 5G SM-936B S25+ 512GB,71001768,AZUL MARINO,"$28,999.00","$24,939.14","$28,115.00",03/07/2025,INDEFINIDO,"3,233.86"
HANDSET,SAMSUNG,SAMSUNG 5G SM-936B S25+ 512GB,71001769,PLATA,"$28,999.00","$24,939.14","$28,115.00",03/07/2025,INDEFINIDO,"3,233.86"
HANDSET,SAMSUNG,SAMSUNG 5G SM-936B S25+ 512GB OTA,71002027,AZUL,"$28,999.00","$24,939.14","$28,115.00",03/07/2025,INDEFINIDO,"3,233.86"
HANDSET,SAMSUNG,SAMSUNG 5G SM-936B S25+ 512GB OTA,71002028,MENTA,"$28,999.00","$24,939.14","$28,115.00",03/07/2025,INDEFINIDO,"3,233.86"
HANDSET,SAMSUNG,SAMSUNG 5G SM-936B S25+ 512GB OTA,71002029,AZUL MARINO,"$28,999.00","$24,939.14","$28,115.00",03/07/2025,INDEFINIDO,"3,233.86"
HANDSET,SAMSUNG,SAMSUNG 5G SM-936B S25+ 512GB OTA,71002030,PLATA,"$28,999.00","$24,939.14","$28,115.00",03/07/2025,INDEFINIDO,"3,233.86"
HANDSET,HONOR,HONOR 5G PTP-N49 MAGIC7 PRO + PAD X8A,71002217,NEGRO,"$29,999.00","$25,799.14","$29,085.00",05/06/2025,INDEFINIDO,"3,343.86"
HANDSET,HONOR,HONOR 5G PTP-N49 MAGIC7 PRO + PAD X8A,71002218,GRIS,"$29,999.00","$25,799.14","$29,085.00",05/06/2025,INDEFINIDO,"3,343.86"
HANDSET,HONOR,HONOR 5G PTP-N49 MAGIC7 PRO 512GB,71001871,NEGRO,"$29,999.00","$25,799.14","$29,085.00",27/02/2025,INDEFINIDO,"3,343.86"
HANDSET,HONOR,HONOR 5G PTP-N49 MAGIC7 PRO 512GB,71001872,GRIS,"$29,999.00","$25,799.14","$29,085.00",27/02/2025,INDEFINIDO,"3,343.86"
HANDSET,SAMSUNG,SAMSUNG 5G SM-F956B Z FOLD6 512GB,71000281,AZUL MARINO,"$29,999.00","$25,799.14","$29,085.00",10/07/2025,23/07/2025,"3,343.86"
HANDSET,SAMSUNG,SAMSUNG 5G SM-F956B Z FOLD6 512GB,71000282,PLATA,"$29,999.00","$25,799.14","$29,085.00",10/07/2025,23/07/2025,"3,343.86"
HANDSET,SAMSUNG,SAMSUNG 5G SM-F956B Z FOLD6 512GB,71000283,ROSA,"$29,999.00","$25,799.14","$29,085.00",10/07/2025,23/07/2025,"3,343.86"
HANDSET,SAMSUNG,SAMSUNG 5G SM-S938B S25 UL 512GB,71001771,NEGRO,"$29,999.00","$25,799.14","$29,085.00",10/07/2025,23/07/2025,"3,343.86"
HANDSET,SAMSUNG,SAMSUNG 5G SM-S938B S25 UL 512GB,71001772,GRIS,"$29,999.00","$25,799.14","$29,085.00",10/07/2025,23/07/2025,"3,343.86"
HANDSET,SAMSUNG,SAMSUNG 5G SM-S938B S25 UL 512GB,71001773,AZUL,"$29,999.00","$25,799.14","$29,085.00",10/07/2025,23/07/2025,"3,343.86"
HANDSET,SAMSUNG,SAMSUNG 5G SM-S938B S25 UL 512GB,71001774,PLATA,"$29,999.00","$25,799.14","$29,085.00",10/07/2025,23/07/2025,"3,343.86"
HANDSET,SAMSUNG,SAMSUNG 5G SM-S938B S25 ULTRA 512GB OTA,71002031,NEGRO,"$29,999.00","$25,799.14","$29,085.00",10/07/2025,23/07/2025,"3,343.86"
HANDSET,SAMSUNG,SAMSUNG 5G SM-S938B S25 ULTRA 512GB OTA,71002032,GRIS,"$29,999.00","$25,799.14","$29,085.00",10/07/2025,23/07/2025,"3,343.86"
HANDSET,SAMSUNG,SAMSUNG 5G SM-S938B S25 ULTRA 512GB OTA,71002033,AZUL,"$29,999.00","$25,799.14","$29,085.00",10/07/2025,23/07/2025,"3,343.86"
HANDSET,SAMSUNG,SAMSUNG 5G SM-S938B S25 ULTRA 512GB OTA,71002034,PLATA,"$29,999.00","$25,799.14","$29,085.00",10/07/2025,23/07/2025,"3,343.86"
HANDSET,APPLE,APPLE 5G IPHONE 16 512GB,71000463,VERDE AZULADO,"$27,499.00","$26,124.05","$29,449.00",20/09/2024,INDEFINIDO,"3,382.95"
HANDSET,APPLE,APPLE 5G IPHONE 16 512GB,71000464,ROSA,"$27,499.00","$26,124.05","$29,449.00",20/09/2024,INDEFINIDO,"3,382.95"
HANDSET,APPLE,APPLE 5G IPHONE 16 512GB,71000465,BLANCO,"$27,499.00","$26,124.05","$29,449.00",20/09/2024,INDEFINIDO,"3,382.95"
HANDSET,APPLE,APPLE 5G IPHONE 16 512GB,71000466,NEGRO,"$27,499.00","$26,124.05","$29,449.00",20/09/2024,INDEFINIDO,"3,382.95"
HANDSET,APPLE,APPLE 5G IPHONE 16 512GB,71000467,ULTRA MARINO,"$27,499.00","$26,124.05","$29,449.00",20/09/2024,INDEFINIDO,"3,382.95"
HANDSET,APPLE,APPLE 5G IPHONE 16 PRO 256GB,71000487,DESIERTO,"$28,499.00","$27,074.04","$30,525.00",20/09/2024,INDEFINIDO,"3,508.96"
HANDSET,APPLE,APPLE 5G IPHONE 16 PRO 256GB,71000488,NATURAL,"$28,499.00","$27,074.04","$30,525.00",20/09/2024,INDEFINIDO,"3,508.96"
HANDSET,APPLE,APPLE 5G IPHONE 16 PRO 256GB,71000489,BLANCO,"$28,499.00","$27,074.04","$30,525.00",20/09/2024,INDEFINIDO,"3,508.96"
HANDSET,APPLE,APPLE 5G IPHONE 16 PRO 256GB,71000490,NEGRO,"$28,499.00","$27,074.04","$30,525.00",20/09/2024,INDEFINIDO,"3,508.96"
HANDSET,HUAWEI,HUAWEI 4.5G ICL-LX9 MATE X6 512GB,71001733,NEGRO,"$32,199.00","$27,691.14","$31,225.00",13/03/2025,13/08/2025,"3,591.86"
HANDSET,HUAWEI,HUAWEI 4.5G ICL-LX9 MATE X6 512GB,71001734,GRIS,"$32,199.00","$27,691.14","$31,225.00",13/03/2025,13/08/2025,"3,591.86"
HANDSET,HUAWEI,HUAWEI 4.5G ICL-LX9 MATE X6 512GB,71001735,ROJO,"$32,199.00","$27,691.14","$31,225.00",13/03/2025,13/08/2025,"3,591.86"
HANDSET,MOTOROLA,MOTOROLA 5G XT2551-6 RAZR 60 ULTRA,71002067,VERDE,"$32,999.00","$28,379.13","$31,999.00",24/04/2025,INDEFINIDO,"3,677.87"
HANDSET,MOTOROLA,MOTOROLA 5G XT2551-6 RAZR 60 ULTRA,71002068,CAFE,"$32,999.00","$28,379.13","$31,999.00",24/04/2025,INDEFINIDO,"3,677.87"
HANDSET,APPLE,APPLE 5G IPHONE 16 PLUS 512GB,71000478,VERDE AZULADO,"$30,499.00","$28,974.05","$32,675.00",20/09/2024,INDEFINIDO,"3,758.95"
HANDSET,APPLE,APPLE 5G IPHONE 16 PLUS 512GB,71000479,ROSA,"$30,499.00","$28,974.05","$32,675.00",20/09/2024,INDEFINIDO,"3,758.95"
HANDSET,APPLE,APPLE 5G IPHONE 16 PLUS 512GB,71000480,BLANCO,"$30,499.00","$28,974.05","$32,675.00",20/09/2024,INDEFINIDO,"3,758.95"
HANDSET,APPLE,APPLE 5G IPHONE 16 PLUS 512GB,71000481,NEGRO,"$30,499.00","$28,974.05","$32,675.00",20/09/2024,INDEFINIDO,"3,758.95"
HANDSET,APPLE,APPLE 5G IPHONE 16 PLUS 512GB,71000482,ULTRA MARINO,"$30,499.00","$28,974.05","$32,675.00",20/09/2024,INDEFINIDO,"3,758.95"
HANDSET,APPLE,APPLE 5G IPHONE 16 PRO MAX 256GB,71000499,DESIERTO,"$30,999.00","$29,449.06","$33,209.00",20/09/2024,INDEFINIDO,"3,817.94"
HANDSET,APPLE,APPLE 5G IPHONE 16 PRO MAX 256GB,71000500,NATURAL,"$30,999.00","$29,449.06","$33,209.00",20/09/2024,INDEFINIDO,"3,817.94"
HANDSET,APPLE,APPLE 5G IPHONE 16 PRO MAX 256GB,71000501,BLANCO,"$30,999.00","$29,449.06","$33,209.00",20/09/2024,INDEFINIDO,"3,817.94"
HANDSET,APPLE,APPLE 5G IPHONE 16 PRO MAX 256GB,71000502,NEGRO,"$30,999.00","$29,449.06","$33,209.00",20/09/2024,INDEFINIDO,"3,817.94"
HANDSET,XIAOMI,XIAOMI 5G 25010PN30G 15 ULTRA,71001981,NEGRO,"$34,999.00","$30,099.13","$33,945.00",03/04/2025,INDEFINIDO,"3,903.87"
HANDSET,XIAOMI,XIAOMI 5G 25010PN30G 15 ULTRA,71001982,BLANCO,"$34,999.00","$30,099.13","$33,945.00",03/04/2025,INDEFINIDO,"3,903.87"
HANDSET,XIAOMI,XIAOMI 5G 25010PN30G 15 ULTRA,71001983,CROMO,"$34,999.00","$30,099.13","$33,945.00",03/04/2025,INDEFINIDO,"3,903.87"
HANDSET,XIAOMI,XIAOMI 5G 25010PN30G 15 ULTRA BUNDLE,71001990,NEGRO,"$34,999.00","$30,099.13","$33,945.00",03/04/2025,INDEFINIDO,"3,903.87"
HANDSET,XIAOMI,XIAOMI 5G 25010PN30G 15 ULTRA BUNDLE,71001991,BLANCO,"$34,999.00","$30,099.13","$33,945.00",03/04/2025,INDEFINIDO,"3,903.87"
HANDSET,XIAOMI,XIAOMI 5G 25010PN30G 15 ULTRA BUNDLE,71001992,CROMO,"$34,999.00","$30,099.13","$33,945.00",03/04/2025,INDEFINIDO,"3,903.87"
HANDSET,APPLE,APPLE 5G IPHONE 16 PRO 512GB,71000491,DESIERTO,"$33,499.00","$31,824.05","$35,895.00",20/09/2024,INDEFINIDO,"4,128.95"
HANDSET,APPLE,APPLE 5G IPHONE 16 PRO 512GB,71000492,NATURAL,"$33,499.00","$31,824.05","$35,895.00",20/09/2024,INDEFINIDO,"4,128.95"
HANDSET,APPLE,APPLE 5G IPHONE 16 PRO 512GB,71000493,BLANCO,"$33,499.00","$31,824.05","$35,895.00",20/09/2024,INDEFINIDO,"4,128.95"
HANDSET,APPLE,APPLE 5G IPHONE 16 PRO 512GB,71000494,NEGRO,"$33,499.00","$31,824.05","$35,895.00",20/09/2024,INDEFINIDO,"4,128.95"
HANDSET,APPLE,APPLE 5G IPHONE 16 PRO MAX 512GB,71000503,DESIERTO,"$35,999.00","$34,199.05","$38,575.00",20/09/2024,INDEFINIDO,"4,433.95"
HANDSET,APPLE,APPLE 5G IPHONE 16 PRO MAX 512GB,71000504,NATURAL,"$35,999.00","$34,199.05","$38,575.00",20/09/2024,INDEFINIDO,"4,433.95"
HANDSET,APPLE,APPLE 5G IPHONE 16 PRO MAX 512GB,71000505,BLANCO,"$35,999.00","$34,199.05","$38,575.00",20/09/2024,INDEFINIDO,"4,433.95"
HANDSET,APPLE,APPLE 5G IPHONE 16 PRO MAX 512GB,71000506,NEGRO,"$35,999.00","$34,199.05","$38,575.00",20/09/2024,INDEFINIDO,"4,433.95"
HANDSET,APPLE,APPLE 5G IPHONE 16 PRO 1TB,71000495,DESIERTO,"$38,499.00","$36,574.05","$41,259.00",20/09/2024,INDEFINIDO,"4,742.95"
HANDSET,APPLE,APPLE 5G IPHONE 16 PRO 1TB,71000496,NATURAL,"$38,499.00","$36,574.05","$41,259.00",20/09/2024,INDEFINIDO,"4,742.95"
HANDSET,APPLE,APPLE 5G IPHONE 16 PRO 1TB,71000497,BLANCO,"$38,499.00","$36,574.05","$41,259.00",20/09/2024,INDEFINIDO,"4,742.95"
HANDSET,APPLE,APPLE 5G IPHONE 16 PRO 1TB,71000498,NEGRO,"$38,499.00","$36,574.05","$41,259.00",20/09/2024,INDEFINIDO,"4,742.95"
HANDSET,OPPO,OPPO 5G CPH2671 FIND N5 512GB,71001927,BLANCO,"$44,999.00","$38,699.14","$43,659.00",06/03/2025,INDEFINIDO,"5,017.86"
HANDSET,OPPO,OPPO 5G CPH2671 FIND N5 512GB,71001928,NEGRO,"$44,999.00","$38,699.14","$43,659.00",06/03/2025,INDEFINIDO,"5,017.86"
HANDSET,APPLE,APPLE 5G IPHONE 16 PRO MAX 1TB,71000507,DESIERTO,"$40,999.00","$38,949.05","$43,945.00",20/09/2024,INDEFINIDO,"5,053.95"
HANDSET,APPLE,APPLE 5G IPHONE 16 PRO MAX 1TB,71000508,NATURAL,"$40,999.00","$38,949.05","$43,945.00",20/09/2024,INDEFINIDO,"5,053.95"
HANDSET,APPLE,APPLE 5G IPHONE 16 PRO MAX 1TB,71000509,BLANCO,"$40,999.00","$38,949.05","$43,945.00",20/09/2024,INDEFINIDO,"5,053.95"
HANDSET,APPLE,APPLE 5G IPHONE 16 PRO MAX 1TB,71000510,NEGRO,"$40,999.00","$38,949.05","$43,945.00",20/09/2024,INDEFINIDO,"5,053.95"
HANDSET,SAMSUNG,SAMSUNG 5G SM-F966B Z FOLD7 512GB PV,71002290,NEGRO,"$45,999.00","$39,559.14","$44,635.00",09/07/2025,20/08/2025,"5,133.86"
HANDSET,SAMSUNG,SAMSUNG 5G SM-F966B Z FOLD7 512GB PV,71002291,AZUL,"$45,999.00","$39,559.14","$44,635.00",09/07/2025,20/08/2025,"5,133.86"
HANDSET,SAMSUNG,SAMSUNG 5G SM-F966B Z FOLD7 512GB PV,71002292,PLATA,"$45,999.00","$39,559.14","$44,635.00",09/07/2025,20/08/2025,"5,133.86"
HANDSET,HUAWEI,HUAWEI 4.5G GRL-LX9 MATE XT 1TB,71002112,ROJO,"$69,999.00","$60,199.14","$67,955.00",17/04/2025,INDEFINIDO,"7,813.86"
HANDSET,HUAWEI,HUAWEI 4.5G GRL-LX9 MATE XT 1TB,71002113,NEGRO,"$69,999.00","$60,199.14","$67,955.00",17/04/2025,INDEFINIDO,"7,813.86"
